{"cameraMode":{"drawMode":0,"name":"Shaded","section":"Shading Mode"},"sceneLighting":false,"audioPlay":false,"sceneViewState":{"m_AlwaysRefresh":false,"showFog":true,"showSkybox":false,"showFlares":true,"showImageEffects":true,"showParticleSystems":true,"showVisualEffectGraphs":true,"m_FxEnabled":true},"in2DMode":false,"pivot":{"x":-1.1754159927368165,"y":2.0838427543640138,"z":2.2764506340026857},"rotation":{"x":0.04392775893211365,"y":0.9472370147705078,"z":-0.28093308210372927,"w":0.1483055055141449},"size":0.1077842265367508,"orthographic":false}