{"cameraMode":{"drawMode":0,"name":"Shaded","section":"Shading Mode"},"sceneLighting":false,"audioPlay":false,"sceneViewState":{"m_AlwaysRefresh":false,"showFog":true,"showSkybox":false,"showFlares":true,"showImageEffects":true,"showParticleSystems":true,"showVisualEffectGraphs":true,"m_FxEnabled":true},"in2DMode":false,"pivot":{"x":3.572000026702881,"y":0.34999996423721316,"z":-1.4900001287460328},"rotation":{"x":-0.17521055042743684,"y":0.6848805546760559,"z":-0.17510062456130982,"w":-0.6852833032608032},"size":0.6062209010124207,"orthographic":false}