{"cameraMode":{"drawMode":0,"name":"Shaded","section":"Shading Mode"},"sceneLighting":false,"audioPlay":false,"sceneViewState":{"m_AlwaysRefresh":false,"showFog":true,"showSkybox":false,"showFlares":true,"showImageEffects":true,"showParticleSystems":true,"showVisualEffectGraphs":true,"m_FxEnabled":true},"in2DMode":false,"pivot":{"x":3.2321596145629885,"y":1.3675017356872559,"z":-0.5668044090270996},"rotation":{"x":0.3270488381385803,"y":-0.02807270735502243,"z":0.00969018880277872,"w":0.944593608379364},"size":2.3110337257385256,"orthographic":false}