{"cameraMode":{"drawMode":0,"name":"Shaded","section":"Shading Mode"},"sceneLighting":true,"audioPlay":false,"sceneViewState":{"m_AlwaysRefresh":false,"showFog":true,"showSkybox":true,"showFlares":true,"showImageEffects":true,"showParticleSystems":true,"showVisualEffectGraphs":true,"m_FxEnabled":true},"in2DMode":false,"pivot":{"x":3.125824451446533,"y":11.047572135925293,"z":0.5832909345626831},"rotation":{"x":0.2903478145599365,"y":0.7079489827156067,"z":0.43083304166793826,"w":-0.4788297116756439},"size":0.8660253882408142,"orthographic":false}