{"cameraMode":{"drawMode":0,"name":"Shaded","section":"Shading Mode"},"sceneLighting":false,"audioPlay":false,"sceneViewState":{"m_AlwaysRefresh":false,"showFog":true,"showSkybox":false,"showFlares":true,"showImageEffects":true,"showParticleSystems":true,"showVisualEffectGraphs":true,"m_FxEnabled":true},"in2DMode":false,"pivot":{"x":0.21717572212219239,"y":-1.6424733400344849,"z":-10.538394927978516},"rotation":{"x":-0.0020254403352737428,"y":-0.9770236611366272,"z":0.21316762268543244,"w":-0.009675716049969197},"size":9.63249397277832,"orthographic":false}