{"cameraMode":{"drawMode":0,"name":"Shaded","section":"Shading Mode"},"sceneLighting":true,"audioPlay":false,"sceneViewState":{"m_AlwaysRefresh":false,"showFog":true,"showSkybox":true,"showFlares":true,"showImageEffects":true,"showParticleSystems":true,"showVisualEffectGraphs":true,"m_FxEnabled":true},"in2DMode":false,"pivot":{"x":-1.5597237348556519,"y":4.073078632354736,"z":2.9417574405670168},"rotation":{"x":-0.23782356083393098,"y":-0.6656556725502014,"z":0.23755450546741486,"w":-0.6663050055503845},"size":0.5990653038024902,"orthographic":false}