{"cameraMode":{"drawMode":0,"name":"Shaded","section":"Shading Mode"},"sceneLighting":true,"audioPlay":false,"sceneViewState":{"showFog":true,"showMaterialUpdate":false,"showSkybox":true,"showFlares":true,"showImageEffects":true,"showParticleSystems":true},"in2DMode":false,"pivot":{"x":6.313868522644043,"y":-5.556765556335449,"z":17.03827667236328},"rotation":{"x":0.4928187131881714,"y":0.014356892555952073,"z":-0.008130435831844807,"w":0.8699852824211121},"size":10.0,"orthographic":false}