{"cameraMode":{"drawMode":0,"name":"Shaded","section":"Shading Mode"},"sceneLighting":false,"audioPlay":false,"sceneViewState":{"showFog":true,"showMaterialUpdate":false,"showSkybox":false,"showFlares":true,"showImageEffects":true,"showParticleSystems":true},"in2DMode":false,"pivot":{"x":0.8557636737823486,"y":-0.5136771202087402,"z":0.7909801602363586},"rotation":{"x":0.2036299854516983,"y":0.637791633605957,"z":-0.1802271455526352,"w":0.7206178903579712},"size":1.9141428470611573,"orthographic":false}