{"cameraMode":{"drawMode":0,"name":"Shaded","section":"Shading Mode"},"sceneLighting":false,"audioPlay":false,"sceneViewState":{"m_AlwaysRefresh":false,"showFog":true,"showSkybox":false,"showFlares":true,"showImageEffects":true,"showParticleSystems":true,"showVisualEffectGraphs":true,"m_FxEnabled":true},"in2DMode":false,"pivot":{"x":0.16158956289291383,"y":0.22449991106987,"z":0.05769042298197746},"rotation":{"x":0.3182770907878876,"y":-0.6220855116844177,"z":0.3062789738178253,"w":0.6464633345603943},"size":0.28681108355522158,"orthographic":false}