{"cameraMode":{"drawMode":0,"name":"Shaded","section":"Shading Mode"},"sceneLighting":false,"audioPlay":false,"sceneViewState":{"m_AlwaysRefresh":false,"showFog":true,"showSkybox":false,"showFlares":true,"showImageEffects":true,"showParticleSystems":true,"showVisualEffectGraphs":true,"m_FxEnabled":true},"in2DMode":false,"pivot":{"x":-3.4952449798583986,"y":0.7050788402557373,"z":-2.6350045204162599},"rotation":{"x":0.08317171037197113,"y":0.2760706841945648,"z":0.02406325750052929,"w":-0.9572881460189819},"size":1.7321503162384034,"orthographic":false}