{"cameraMode":{"drawMode":0,"name":"Shaded","section":"Shading Mode"},"sceneLighting":false,"audioPlay":false,"sceneViewState":{"m_AlwaysRefresh":false,"showFog":true,"showSkybox":false,"showFlares":true,"showImageEffects":true,"showParticleSystems":true,"showVisualEffectGraphs":true,"m_FxEnabled":true},"in2DMode":false,"pivot":{"x":0.4343380331993103,"y":1.3665351867675782,"z":1.8493382930755616},"rotation":{"x":-0.0026506336871534588,"y":0.33735620975494387,"z":-0.0009343320853076875,"w":-0.9413979649543762},"size":0.17739750444889069,"orthographic":false}