{"cameraMode":{"drawMode":0,"name":"Shaded","section":"Shading Mode"},"sceneLighting":false,"audioPlay":false,"sceneViewState":{"m_AlwaysRefresh":false,"showFog":true,"showSkybox":false,"showFlares":true,"showImageEffects":true,"showParticleSystems":true,"showVisualEffectGraphs":true,"m_FxEnabled":true},"in2DMode":false,"pivot":{"x":0.020694533362984659,"y":2.6732306480407717,"z":-6.414816856384277},"rotation":{"x":-0.21170565485954286,"y":0.0035304203629493715,"z":-0.000658450007904321,"w":-0.977363646030426},"size":1.2247447967529297,"orthographic":false}