{"cameraMode":{"drawMode":0,"name":"Shaded","section":"Shading Mode"},"sceneLighting":true,"audioPlay":false,"sceneViewState":{"m_AlwaysRefresh":false,"showFog":true,"showSkybox":true,"showFlares":true,"showImageEffects":true,"showParticleSystems":true,"showVisualEffectGraphs":true,"m_FxEnabled":true},"in2DMode":false,"pivot":{"x":99.85646057128906,"y":2.9033775329589845,"z":12.991507530212403},"rotation":{"x":0.3619709014892578,"y":-0.023475022986531259,"z":0.009107554331421852,"w":0.9318601489067078},"size":13.48328685760498,"orthographic":false}