{"cameraMode":{"drawMode":0,"name":"Shaded","section":"Shading Mode"},"sceneLighting":true,"audioPlay":false,"sceneViewState":{"m_AlwaysRefresh":false,"showFog":true,"showSkybox":true,"showFlares":true,"showImageEffects":true,"showParticleSystems":true,"showVisualEffectGraphs":true,"m_FxEnabled":true},"in2DMode":false,"pivot":{"x":-22.623462677001954,"y":3.2050819396972658,"z":1.8693305253982545},"rotation":{"x":-0.11886125057935715,"y":0.7176027894020081,"z":-0.12630707025527955,"w":-0.6745807528495789},"size":12.12435531616211,"orthographic":false}