{"cameraMode":{"drawMode":0,"name":"Shaded","section":"Shading Mode"},"sceneLighting":true,"audioPlay":false,"sceneViewState":{"m_AlwaysRefresh":false,"showFog":true,"showSkybox":true,"showFlares":true,"showImageEffects":true,"showParticleSystems":true,"showVisualEffectGraphs":true,"m_FxEnabled":true},"in2DMode":false,"pivot":{"x":-5.12982702255249,"y":-7.605410575866699,"z":20.189916610717775},"rotation":{"x":-0.26192936301231387,"y":0.07433689385652542,"z":-0.020145412534475328,"w":-0.9620439410209656},"size":17.804954528808595,"orthographic":false}