{"cameraMode":{"drawMode":0,"name":"Shaded","section":"Shading Mode"},"sceneLighting":false,"audioPlay":false,"sceneViewState":{"m_AlwaysRefresh":false,"showFog":true,"showSkybox":false,"showFlares":true,"showImageEffects":true,"showParticleSystems":true,"showVisualEffectGraphs":true,"m_FxEnabled":true},"in2DMode":false,"pivot":{"x":0.5448489189147949,"y":1.7257556915283204,"z":-1.6326980590820313},"rotation":{"x":0.2248028665781021,"y":-0.03114388883113861,"z":0.006575572304427624,"w":0.9739992022514343},"size":6.36983585357666,"orthographic":false}